,hp_metric,lr-Adam,train_loss,epoch,validation_loss,test_loss,hp_metric,lr-Adam,train_loss,epoch,validation_loss,test_loss,hp_metric,lr-Adam,train_loss,epoch,validation_loss,test_loss
,mean,mean,mean,mean,mean,mean,min,min,min,min,min,min,max,max,max,max,max,max
step,,,,,,,,,,,,,,,,,,
0,-1.0,0.0010000000474974513,,,,,-1.0,0.0010000000474974513,,,,,-1.0,0.0010000000474974513,,,,
6,,,71.56985015869141,0.0,,,,,70.10433197021484,0.0,,,,,72.86248779296875,0.0,,
9,,,,0.0,95.73080596923828,,,,,0.0,95.37307739257812,,,,,0.0,96.08032989501953,
10,,0.0010000000474974513,,,,,,0.0010000000474974513,,,,,,0.0010000000474974513,,,,
13,,,65.0849739074707,1.0,,,,,63.532371520996094,1.0,,,,,66.391357421875,1.0,,
19,,,,1.0,84.93252105712891,,,,,1.0,81.6178207397461,,,,,1.0,87.5299072265625,
20,,0.0010000000474974513,81.46401824951172,2.0,,,,0.0010000000474974513,79.44947052001953,2.0,,,,0.0010000000474974513,82.86723327636719,2.0,,
27,,,32.401065063476565,2.0,,,,,31.752792358398438,2.0,,,,,32.855186462402344,2.0,,
29,,,,2.0,69.81062469482421,,,,,2.0,69.27970886230469,,,,,2.0,70.4918212890625,
30,,0.0010000000474974513,,,,,,0.0010000000474974513,,,,,,0.0010000000474974513,,,,
34,,,37.66280059814453,3.0,,,,,35.87200927734375,3.0,,,,,40.015499114990234,3.0,,
39,,,,3.0,61.12669830322265,,,,,3.0,57.500423431396484,,,,,3.0,64.74386596679688,
40,,0.0010000000474974513,,,,,,0.0010000000474974513,,,,,,0.0010000000474974513,,,,
41,,,25.686019897460938,4.0,,,,,24.935794830322266,4.0,,,,,26.840280532836914,4.0,,
48,,,46.88493728637695,4.0,,,,,44.41051483154297,4.0,,,,,50.82732009887695,4.0,,
49,,,,4.0,54.71700592041016,,,,,4.0,52.99313735961914,,,,,4.0,56.162872314453125,
50,,0.0010000000474974513,,,,,,0.0010000000474974513,,,,,,0.0010000000474974513,,,,
55,,,29.80596504211426,5.0,,,,,28.63956069946289,5.0,,,,,31.352853775024414,5.0,,
59,,,,5.0,49.814229583740236,,,,,5.0,47.65846252441406,,,,,5.0,51.37931442260742,
60,,0.0010000000474974513,,,,,,0.0010000000474974513,,,,,,0.0010000000474974513,,,,
62,,,55.77305145263672,6.0,,,,,54.01570129394531,6.0,,,,,57.626548767089844,6.0,,
69,,,23.92261657714844,6.0,46.41367645263672,,,,22.18271255493164,6.0,45.28596878051758,,,,25.45191192626953,6.0,47.15837860107422,
70,,0.0010000000474974513,,,,,,0.0010000000474974513,,,,,,0.0010000000474974513,,,,
76,,,52.32504119873047,7.0,,,,,46.75513458251953,7.0,,,,,55.60956573486328,7.0,,
79,,,,7.0,45.13052215576172,,,,,7.0,44.05082321166992,,,,,7.0,45.93444061279297,
80,,0.0010000000474974513,,,,,,0.0010000000474974513,,,,,,0.0010000000474974513,,,,
83,,,41.83723907470703,8.0,,,,,39.22346115112305,8.0,,,,,44.8336181640625,8.0,,
89,,,,8.0,42.661024475097655,,,,,8.0,42.06521224975586,,,,,8.0,43.53296661376953,
90,,0.0010000000474974513,56.4321174621582,9.0,,,,0.0010000000474974513,54.14069366455078,9.0,,,,0.0010000000474974513,58.17356872558594,9.0,,
97,,,36.328636169433594,9.0,,,,,34.97666931152344,9.0,,,,,36.941837310791016,9.0,,
99,,,,9.0,41.00006866455078,,,,,9.0,40.19857406616211,,,,,9.0,42.3570671081543,
100,,0.0010000000474974513,,,,,,0.0010000000474974513,,,,,,0.0010000000474974513,,,,
104,,,34.33021087646485,10.0,,,,,32.547607421875,10.0,,,,,37.39444351196289,10.0,,
109,,,,10.0,38.45661087036133,,,,,10.0,37.722129821777344,,,,,10.0,39.403564453125,
110,,0.0010000000474974513,,,,,,0.0010000000474974513,,,,,,0.0010000000474974513,,,,
111,,,31.889080047607422,11.0,,,,,29.14130973815918,11.0,,,,,33.824703216552734,11.0,,
118,,,40.05468215942383,11.0,,,,,37.82261657714844,11.0,,,,,41.94700622558594,11.0,,
119,,,,11.0,38.27302932739258,,,,,11.0,37.71730041503906,,,,,11.0,39.03976821899414,
120,,0.0010000000474974513,,,,,,0.0010000000474974513,,,,,,0.0010000000474974513,,,,
125,,,49.73284378051758,12.0,,,,,48.84645080566406,12.0,,,,,50.26484298706055,12.0,,
129,,,,12.0,36.99928207397461,,,,,12.0,36.33404541015625,,,,,12.0,37.85884475708008,
130,,0.0010000000474974513,,,,,,0.0010000000474974513,,,,,,0.0010000000474974513,,,,
132,,,58.71052169799805,13.0,,,,,57.08777618408203,13.0,,,,,60.46007537841797,13.0,,
139,,,20.665059280395507,13.0,37.824431610107425,,,,19.22966957092285,13.0,37.20236587524414,,,,23.78705406188965,13.0,39.15755081176758,
140,,0.0010000000474974513,,,,,,0.0010000000474974513,,,,,,0.0010000000474974513,,,,
146,,,34.619293975830075,14.0,,,,,32.86981964111328,14.0,,,,,37.95503234863281,14.0,,
149,,,,14.0,39.1291748046875,,,,,14.0,38.61725616455078,,,,,14.0,39.81632614135742,
150,,0.0010000000474974513,,,,,,0.0010000000474974513,,,,,,0.0010000000474974513,,,,
153,,,35.02999687194824,15.0,,,,,30.789785385131836,15.0,,,,,37.19118118286133,15.0,,
159,,,,15.0,36.83293151855469,,,,,15.0,36.25251007080078,,,,,15.0,37.24825668334961,
160,,0.0010000000474974513,46.73326721191406,16.0,,,,0.0010000000474974513,44.95478057861328,16.0,,,,0.0010000000474974513,47.895469665527344,16.0,,
167,,,33.58242340087891,16.0,,,,,32.04027557373047,16.0,,,,,35.240867614746094,16.0,,
169,,,,16.0,36.33994598388672,,,,,16.0,35.796905517578125,,,,,16.0,36.888511657714844,
170,,0.0010000000474974513,,,,,,0.0010000000474974513,,,,,,0.0010000000474974513,,,,
174,,,28.16279411315918,17.0,,,,,26.155763626098633,17.0,,,,,29.563091278076172,17.0,,
179,,,,17.0,38.65258255004883,,,,,17.0,37.339149475097656,,,,,17.0,40.16328048706055,
180,,0.0010000000474974513,,,,,,0.0010000000474974513,,,,,,0.0010000000474974513,,,,
181,,,32.266397857666014,18.0,,,,,30.859134674072266,18.0,,,,,33.92771911621094,18.0,,
188,,,35.68765869140625,18.0,,,,,28.531105041503906,18.0,,,,,40.062355041503906,18.0,,
189,,,,18.0,36.64903335571289,,,,,18.0,35.60158920288086,,,,,18.0,37.95162582397461,
190,,0.0010000000474974513,,,,,,0.0010000000474974513,,,,,,0.0010000000474974513,,,,
195,,,24.99822654724121,19.0,,,,,22.84382438659668,19.0,,,,,27.018014907836914,19.0,,
199,,,,19.0,36.65983657836914,,,,,19.0,36.059600830078125,,,,,19.0,37.423858642578125,
200,,0.0010000000474974513,,,,,,0.0010000000474974513,,,,,,0.0010000000474974513,,,,
202,,,44.43371810913086,20.0,,,,,42.796966552734375,20.0,,,,,49.73408889770508,20.0,,
209,,,13.905411720275879,20.0,36.28429641723633,,,,12.882355690002441,20.0,35.35078811645508,,,,15.991727828979492,20.0,37.155216217041016,
210,,0.0010000000474974513,,,,,,0.0010000000474974513,,,,,,0.0010000000474974513,,,,
216,,,29.10080451965332,21.0,,,,,22.781497955322266,21.0,,,,,32.215721130371094,21.0,,
219,,,,21.0,33.73519287109375,,,,,21.0,32.91499710083008,,,,,21.0,34.86072540283203,
220,,0.0010000000474974513,,,,,,0.0010000000474974513,,,,,,0.0010000000474974513,,,,
223,,,22.508776092529295,22.0,,,,,20.932186126708984,22.0,,,,,24.51282501220703,22.0,,
229,,,,22.0,34.22121047973633,,,,,22.0,33.06090545654297,,,,,22.0,35.936363220214844,
230,,0.0010000000474974513,49.785892486572266,23.0,,,,0.0010000000474974513,48.175750732421875,23.0,,,,0.0010000000474974513,51.640419006347656,23.0,,
237,,,43.81332702636719,23.0,,,,,41.232154846191406,23.0,,,,,48.74065399169922,23.0,,
239,,,,23.0,34.31001434326172,,,,,23.0,32.828529357910156,,,,,23.0,35.5219841003418,
240,,0.0010000000474974513,,,,,,0.0010000000474974513,,,,,,0.0010000000474974513,,,,
244,,,33.553955078125,24.0,,,,,31.38475799560547,24.0,,,,,35.21432113647461,24.0,,
249,,,,24.0,34.256859588623044,,,,,24.0,32.68266296386719,,,,,24.0,36.77521896362305,
250,,0.0010000000474974513,,,,,,0.0010000000474974513,,,,,,0.0010000000474974513,,,,
251,,,34.55523872375488,25.0,,,,,30.427499771118164,25.0,,,,,37.054237365722656,25.0,,
258,,,29.512727737426758,25.0,,,,,27.745365142822266,25.0,,,,,31.27750015258789,25.0,,
259,,,,25.0,32.95667495727539,,,,,25.0,32.79994583129883,,,,,25.0,33.133514404296875,
260,,0.0010000000474974513,,,,,,0.0010000000474974513,,,,,,0.0010000000474974513,,,,
265,,,40.27235412597656,26.0,,,,,33.254241943359375,26.0,,,,,44.379451751708984,26.0,,
269,,,,26.0,36.02974853515625,,,,,26.0,32.462032318115234,,,,,26.0,40.747291564941406,
270,,0.0010000000474974513,,,,,,0.0010000000474974513,,,,,,0.0010000000474974513,,,,
272,,,44.9078872680664,27.0,,,,,38.34362030029297,27.0,,,,,54.41509246826172,27.0,,
279,,,39.008324432373044,27.0,32.389006805419925,,,,35.73894500732422,27.0,31.182449340820312,,,,44.15672302246094,27.0,33.059295654296875,
280,,0.0010000000474974513,,,,,,0.0010000000474974513,,,,,,0.0010000000474974513,,,,
286,,,27.28752326965332,28.0,,,,,24.736827850341797,28.0,,,,,29.736600875854492,28.0,,
289,,,,28.0,35.36597900390625,,,,,28.0,32.77122116088867,,,,,28.0,39.17178726196289,
290,,0.0010000000474974513,,,,,,0.0010000000474974513,,,,,,0.0010000000474974513,,,,
293,,,32.616386032104494,29.0,,,,,28.947553634643555,29.0,,,,,35.55803680419922,29.0,,
299,,,,29.0,34.030224609375,,,,,29.0,32.78366470336914,,,,,29.0,35.7431640625,
300,,0.0010000000474974513,25.56536293029785,30.0,,,,0.0010000000474974513,23.41840362548828,30.0,,,,0.0010000000474974513,27.682357788085938,30.0,,
307,,,27.28755912780762,30.0,,,,,24.026248931884766,30.0,,,,,29.936527252197266,30.0,,
309,,,,30.0,32.39510231018066,,,,,30.0,31.26808738708496,,,,,30.0,33.413734436035156,
310,,0.0010000000474974513,,,,,,0.0010000000474974513,,,,,,0.0010000000474974513,,,,
314,,,36.809033966064455,31.0,,,,,32.90673065185547,31.0,,,,,39.244625091552734,31.0,,
319,,,,31.0,35.53498725891113,,,,,31.0,31.74479103088379,,,,,31.0,38.699832916259766,
320,,0.0010000000474974513,,,,,,0.0010000000474974513,,,,,,0.0010000000474974513,,,,
321,,,23.00353660583496,32.0,,,,,21.22992515563965,32.0,,,,,24.00369644165039,32.0,,
328,,,30.285103607177735,32.0,,,,,29.691221237182617,32.0,,,,,30.953935623168945,32.0,,
329,,,,32.0,34.32140579223633,,,,,32.0,33.25447082519531,,,,,32.0,35.24562072753906,
330,,0.0010000000474974513,,,,,,0.0010000000474974513,,,,,,0.0010000000474974513,,,,
335,,,38.24217987060547,33.0,,,,,36.909366607666016,33.0,,,,,39.400028228759766,33.0,,
339,,,,33.0,32.546891403198245,,,,,33.0,31.076086044311523,,,,,33.0,33.56081008911133,
340,,0.0010000000474974513,,,,,,0.0010000000474974513,,,,,,0.0010000000474974513,,,,
342,,,41.69551010131836,34.0,,,,,39.58076477050781,34.0,,,,,45.52214431762695,34.0,,
349,,,20.339898109436035,34.0,35.549146270751955,,,,14.70677661895752,34.0,33.52119064331055,,,,26.054418563842773,34.0,38.61988830566406,
350,,0.0010000000474974513,,,,,,0.0010000000474974513,,,,,,0.0010000000474974513,,,,
356,,,30.712849807739257,35.0,,,,,26.294666290283203,35.0,,,,,35.852813720703125,35.0,,
359,,,,35.0,37.7759895324707,,,,,35.0,36.58787536621094,,,,,35.0,40.017120361328125,
360,,0.0010000000474974513,,,,,,0.0010000000474974513,,,,,,0.0010000000474974513,,,,
363,,,24.720304870605467,36.0,,,,,21.99728012084961,36.0,,,,,27.451107025146484,36.0,,
369,,,,36.0,35.62883605957031,,,,,36.0,34.383270263671875,,,,,36.0,36.89910125732422,
370,,0.0010000000474974513,24.942308807373045,37.0,,,,0.0010000000474974513,22.40509033203125,37.0,,,,0.0010000000474974513,28.62700653076172,37.0,,
377,,,41.73965072631836,37.0,,,,,37.75841522216797,37.0,,,,,43.972618103027344,37.0,,
379,,,,37.0,33.77651824951172,,,,,37.0,33.277671813964844,,,,,37.0,35.17430114746094,
380,,0.0010000000474974513,,,,,,0.0010000000474974513,,,,,,0.0010000000474974513,,,,
384,,,44.856640625,38.0,,,,,41.24269104003906,38.0,,,,,49.35974884033203,38.0,,
389,,,,38.0,34.49397659301758,,,,,38.0,32.86552429199219,,,,,38.0,36.071205139160156,
390,,0.0006400000274879858,,,,,,9.999999747378752e-05,,,,,,0.0010000000474974513,,,,
391,,,21.429257202148438,39.0,,,,,17.277698516845703,39.0,,,,,26.518840789794922,39.0,,
398,,,22.71116523742676,39.0,,,,,19.96875762939453,39.0,,,,,25.050918579101562,39.0,,
399,,,,39.0,34.086907958984376,,,,,39.0,33.102622985839844,,,,,39.0,35.6851692199707,
400,,0.0006400000274879858,,,,,,9.999999747378752e-05,,,,,,0.0010000000474974513,,,,
405,,,33.54954528808594,40.0,,,,,31.165817260742188,40.0,,,,,35.75414276123047,40.0,,
409,,,,40.0,33.45166702270508,,,,,40.0,31.670562744140625,,,,,40.0,35.8002815246582,
410,,0.0006400000274879858,,,,,,9.999999747378752e-05,,,,,,0.0010000000474974513,,,,
412,,,40.14661483764648,41.0,,,,,35.22264099121094,41.0,,,,,43.02997589111328,41.0,,
419,,,20.069599914550782,41.0,33.55283660888672,,,,18.9075870513916,41.0,32.06996536254883,,,,21.65860366821289,41.0,35.16055679321289,
420,,0.0006400000274879858,,,,,,9.999999747378752e-05,,,,,,0.0010000000474974513,,,,
426,,,37.72851028442383,42.0,,,,,35.21492385864258,42.0,,,,,39.03718566894531,42.0,,
429,,,,42.0,36.54691848754883,,,,,42.0,35.93923568725586,,,,,42.0,37.23943328857422,
430,,0.00046000001748325303,,,,,,9.999999747378752e-05,,,,,,0.0010000000474974513,,,,
433,,,43.30308456420899,43.0,,,,,42.44465637207031,43.0,,,,,44.63702392578125,43.0,,
439,,,,43.0,34.14886245727539,,,,,43.0,32.8426628112793,,,,,43.0,35.62154006958008,
440,,0.00046000001748325303,21.81796798706055,44.0,,,,9.999999747378752e-05,18.568702697753906,44.0,,,,0.0010000000474974513,23.61712646484375,44.0,,
447,,,31.956292724609376,44.0,,,,,28.77867889404297,44.0,,,,,33.97240447998047,44.0,,
449,,,,44.0,33.56374931335449,,,,,44.0,31.84376335144043,,,,,44.0,35.158931732177734,
450,,0.0002800000074785203,,,,,,9.999999747378752e-05,,,,,,0.0010000000474974513,,,,
454,,,29.918109512329103,45.0,,,,,26.08629608154297,45.0,,,,,34.086647033691406,45.0,,
459,,,,45.0,32.41021537780762,,,,,45.0,30.57307243347168,,,,,45.0,34.371089935302734,
460,,0.0002800000074785203,,,,,,9.999999747378752e-05,,,,,,0.0010000000474974513,,,,
461,,,25.160733032226563,46.0,,,,,20.929920196533203,46.0,,,,,27.885486602783203,46.0,,
468,,,40.17258529663086,46.0,,,,,37.17398452758789,46.0,,,,,42.24082946777344,46.0,,
469,,,,46.0,34.33622360229492,,,,,46.0,33.017452239990234,,,,,46.0,35.5149040222168,
470,,0.0002800000074785203,,,,,,9.999999747378752e-05,,,,,,0.0010000000474974513,,,,
475,,,34.83010330200195,47.0,,,,,33.48640441894531,47.0,,,,,36.91213607788086,47.0,,
479,,,,47.0,34.44398422241211,,,,,47.0,33.11891174316406,,,,,47.0,36.24827575683594,
480,,0.0002800000074785203,,,,,,9.999999747378752e-05,,,,,,0.0010000000474974513,,,,
482,,,46.33397216796875,48.0,,,,,43.0879020690918,48.0,,,,,48.91334533691406,48.0,,
489,,,30.193829345703126,48.0,32.45861053466797,,,,28.777626037597656,48.0,31.17400360107422,,,,32.65907669067383,48.0,33.536346435546875,
490,,0.0002800000074785203,,,,,,9.999999747378752e-05,,,,,,0.0010000000474974513,,,,
496,,,25.230278778076173,49.0,,,,,23.32676887512207,49.0,,,,,28.739543914794922,49.0,,
499,,,,49.0,33.223960876464844,,,,,49.0,32.35918426513672,,,,,49.0,34.41459655761719,
500,,0.0002800000074785203,,,,,,9.999999747378752e-05,,,,,,0.0010000000474974513,,,,
503,,,31.44016342163086,50.0,,,,,29.033336639404297,50.0,,,,,33.09278869628906,50.0,,
509,,,,50.0,34.536824798583986,,,,,50.0,33.70914077758789,,,,,50.0,35.93893051147461,
510,,0.0002800000074785203,38.65409698486328,51.0,,,,9.999999747378752e-05,36.04253387451172,51.0,,,,0.0010000000474974513,42.582481384277344,51.0,,
517,,,30.953362655639648,51.0,,,,,28.748340606689453,51.0,,,,,32.61321258544922,51.0,,
519,,,,51.0,33.87657012939453,,,,,51.0,32.628849029541016,,,,,51.0,34.93505096435547,
520,,9.999999747378752e-05,,,,,,9.999999747378752e-05,,,,,,9.999999747378752e-05,,,,
524,,,27.769528579711913,52.0,,,,,24.09864044189453,52.0,,,,,29.433849334716797,52.0,,
529,,,,52.0,33.877436828613284,,,,,52.0,32.37500762939453,,,,,52.0,35.79115295410156,
530,,9.999999747378752e-05,,,,,,9.999999747378752e-05,,,,,,9.999999747378752e-05,,,,
531,,,19.70072135925293,53.0,,,,,18.657625198364258,53.0,,,,,20.808242797851562,53.0,,
538,,,37.813961791992185,53.0,,,,,36.791378021240234,53.0,,,,,39.36451721191406,53.0,,
539,,,,53.0,31.624864959716795,,,,,53.0,30.839717864990234,,,,,53.0,32.13850784301758,
540,,9.999999747378752e-05,,,,,,9.999999747378752e-05,,,,,,9.999999747378752e-05,,,,
545,,,40.28597717285156,54.0,,,,,38.976295471191406,54.0,,,,,41.46528625488281,54.0,,
549,,,,54.0,32.118014907836915,,,,,54.0,31.58450698852539,,,,,54.0,32.62649154663086,
550,,9.999999747378752e-05,,,,,,9.999999747378752e-05,,,,,,9.999999747378752e-05,,,,
552,,,34.15786514282227,55.0,,,,,31.930950164794922,55.0,,,,,35.380130767822266,55.0,,
559,,,29.424388885498047,55.0,32.41518020629883,,,,27.550586700439453,55.0,31.945537567138672,,,,31.016752243041992,55.0,33.03294372558594,
560,,8.199999792850577e-05,,,,,,9.999999747378752e-06,,,,,,9.999999747378752e-05,,,,
566,,,28.949188232421875,56.0,,,,,24.68840789794922,56.0,,,,,31.967626571655273,56.0,,
569,,,,56.0,34.254241180419925,,,,,56.0,33.950836181640625,,,,,56.0,34.90127182006836,
570,,6.399999838322402e-05,,,,,,9.999999747378752e-06,,,,,,9.999999747378752e-05,,,,
573,,,42.263885498046875,57.0,,,,,40.52643966674805,57.0,,,,,44.337440490722656,57.0,,
579,,,,57.0,33.9726058959961,,,,,57.0,33.10404586791992,,,,,57.0,34.5202522277832,
580,,6.399999838322402e-05,58.03334121704101,58.0,,,,9.999999747378752e-06,54.012847900390625,58.0,,,,9.999999747378752e-05,60.690460205078125,58.0,,
587,,,34.13024139404297,58.0,,,,,32.059303283691406,58.0,,,,,37.22285461425781,58.0,,
589,,,,58.0,33.07653579711914,,,,,58.0,32.18672561645508,,,,,58.0,33.50763702392578,
590,,6.399999838322402e-05,,,,,,9.999999747378752e-06,,,,,,9.999999747378752e-05,,,,
594,,,36.46240081787109,59.0,,,,,32.779571533203125,59.0,,,,,39.7471923828125,59.0,,
599,,,,59.0,31.862606811523438,,,,,59.0,31.27859115600586,,,,,59.0,32.21445846557617,
600,,4.599999883794226e-05,,,,,,9.999999747378752e-06,,,,,,9.999999747378752e-05,,,,
601,,,19.643672943115234,60.0,,,,,17.667150497436523,60.0,,,,,22.3435115814209,60.0,,
608,,,30.31739616394043,60.0,,,,,25.30704116821289,60.0,,,,,32.58279800415039,60.0,,
609,,,,60.0,33.43586196899414,,,,,60.0,32.34663009643555,,,,,60.0,34.25825500488281,
610,,4.599999883794226e-05,,,,,,9.999999747378752e-06,,,,,,9.999999747378752e-05,,,,
615,,,31.426118469238283,61.0,,,,,30.669246673583984,61.0,,,,,33.081787109375,61.0,,
619,,,,61.0,34.33592147827149,,,,,61.0,33.366920471191406,,,,,61.0,35.035003662109375,
620,,4.599999883794226e-05,,,,,,9.999999747378752e-06,,,,,,9.999999747378752e-05,,,,
622,,,44.30626907348633,62.0,,,,,38.77187728881836,62.0,,,,,48.918277740478516,62.0,,
629,,,21.015760803222655,62.0,32.71662216186523,,,,19.52043914794922,62.0,31.93878936767578,,,,23.515226364135742,62.0,33.544654846191406,
630,,2.7999999292660505e-05,,,,,,9.999999747378752e-06,,,,,,9.999999747378752e-05,,,,
636,,,22.454317092895508,63.0,,,,,19.89278793334961,63.0,,,,,24.330947875976562,63.0,,
639,,,,63.0,32.566063690185544,,,,,63.0,31.992229461669922,,,,,63.0,33.62532424926758,
640,,2.7999999292660505e-05,,,,,,9.999999747378752e-06,,,,,,9.999999747378752e-05,,,,
643,,,32.2411304473877,64.0,,,,,30.24614715576172,64.0,,,,,34.75114059448242,64.0,,
649,,,,64.0,33.787269592285156,,,,,64.0,33.16786193847656,,,,,64.0,34.314212799072266,
650,,9.999999747378752e-06,42.07750625610352,65.0,,,,9.999999747378752e-06,39.94337844848633,65.0,,,,9.999999747378752e-06,45.78889465332031,65.0,,
657,,,25.633220672607422,65.0,,,,,24.07786750793457,65.0,,,,,27.500207901000977,65.0,,
659,,,,65.0,31.631589508056642,,,,,65.0,30.936853408813477,,,,,65.0,32.47526550292969,
660,,9.999999747378752e-06,,,,,,9.999999747378752e-06,,,,,,9.999999747378752e-06,,,,
664,,,27.588757705688476,66.0,,,,,24.68143081665039,66.0,,,,,30.224746704101562,66.0,,
669,,,,66.0,32.03965187072754,,,,,66.0,31.56572914123535,,,,,66.0,32.5362434387207,
670,,8.19999979739805e-06,,,,,,9.999999974752427e-07,,,,,,9.999999747378752e-06,,,,
671,,,15.446142959594727,67.0,,,,,12.14311408996582,67.0,,,,,17.54347801208496,67.0,,
678,,,17.432205581665038,67.0,,,,,15.183980941772461,67.0,,,,,20.10689926147461,67.0,,
679,,,,67.0,33.10521926879883,,,,,67.0,32.660404205322266,,,,,67.0,33.40241622924805,
680,,6.399999847417348e-06,,,,,,9.999999974752427e-07,,,,,,9.999999747378752e-06,,,,
685,,,49.747492980957034,68.0,,,,,48.46435546875,68.0,,,,,50.99897766113281,68.0,,
689,,,,68.0,33.637665557861325,,,,,68.0,33.185211181640625,,,,,68.0,34.365684509277344,
690,,6.399999847417348e-06,,,,,,9.999999974752427e-07,,,,,,9.999999747378752e-06,,,,
692,,,50.77892303466797,69.0,,,,,49.96746063232422,69.0,,,,,52.14188766479492,69.0,,
699,,,11.568434524536134,69.0,34.214812469482425,,,,10.642909049987793,69.0,33.725128173828125,,,,14.20832633972168,69.0,34.76796340942383,
700,,6.399999847417348e-06,,,,,,9.999999974752427e-07,,,,,,9.999999747378752e-06,,,,
706,,,29.60562210083008,70.0,,,,,27.524856567382812,70.0,,,,,31.2946720123291,70.0,,
709,,,,70.0,34.72058944702148,,,,,70.0,34.26189422607422,,,,,70.0,35.13540267944336,
710,,6.399999847417348e-06,,,,,,9.999999974752427e-07,,,,,,9.999999747378752e-06,,,,
713,,,27.87107925415039,71.0,,,,,26.908353805541992,71.0,,,,,28.935821533203125,71.0,,
719,,,,71.0,32.67493667602539,,,,,71.0,32.264286041259766,,,,,71.0,33.12611770629883,
720,,6.399999847417348e-06,34.88498229980469,72.0,,,,9.999999974752427e-07,33.73004150390625,72.0,,,,9.999999747378752e-06,36.646202087402344,72.0,,
727,,,38.25889663696289,72.0,,,,,37.239532470703125,72.0,,,,,40.444236755371094,72.0,,
729,,,,72.0,32.48429870605469,,,,,72.0,31.933719635009766,,,,,72.0,33.241615295410156,
730,,6.399999847417348e-06,,,,,,9.999999974752427e-07,,,,,,9.999999747378752e-06,,,,
734,,,20.618687629699707,73.0,,,,,15.451661109924316,73.0,,,,,23.415157318115234,73.0,,
739,,,,73.0,32.01503219604492,,,,,73.0,31.86568832397461,,,,,73.0,32.27417755126953,
740,,4.599999897436646e-06,,,,,,9.999999974752427e-07,,,,,,9.999999747378752e-06,,,,
741,,,16.965825653076173,74.0,,,,,15.983903884887695,74.0,,,,,17.84109115600586,74.0,,
748,,,38.8737060546875,74.0,,,,,38.327781677246094,74.0,,,,,39.94813537597656,74.0,,
749,,,,74.0,33.90189437866211,,,,,74.0,33.280887603759766,,,,,74.0,34.41596984863281,
750,,4.599999897436646e-06,,,,,,9.999999974752427e-07,,,,,,9.999999747378752e-06,,,,
755,,,28.21304817199707,75.0,,,,,24.618003845214844,75.0,,,,,32.449317932128906,75.0,,
759,,,,75.0,33.54973678588867,,,,,75.0,32.649784088134766,,,,,75.0,34.05513381958008,
760,,4.599999897436646e-06,,,,,,9.999999974752427e-07,,,,,,9.999999747378752e-06,,,,
762,,,44.34905014038086,76.0,,,,,40.9979133605957,76.0,,,,,46.363609313964844,76.0,,
769,,,21.184673690795897,76.0,33.174749755859374,,,,17.750560760498047,76.0,32.24333190917969,,,,23.358545303344727,76.0,33.70534896850586,
770,,9.999999974752427e-07,,,,,,9.999999974752427e-07,,,,,,9.999999974752427e-07,,,,
776,,,27.244822311401368,77.0,,,,,25.027690887451172,77.0,,,,,29.26283073425293,77.0,,
779,,,,77.0,35.23979263305664,,,,,77.0,34.34070587158203,,,,,77.0,35.95384216308594,
780,,8.199999982139161e-07,,,,,,1.0000000116860974e-07,,,,,,9.999999974752427e-07,,,,
783,,,22.35577735900879,78.0,,,,,21.677635192871094,78.0,,,,,22.954694747924805,78.0,,
789,,,,78.0,33.93965606689453,,,,,78.0,32.86018753051758,,,,,78.0,34.64680862426758,
790,,6.399999989525896e-07,39.32871704101562,79.0,,,,1.0000000116860974e-07,36.885047912597656,79.0,,,,9.999999974752427e-07,41.45375061035156,79.0,,
797,,,28.88990707397461,79.0,,,,,27.512813568115234,79.0,,,,,30.937414169311523,79.0,,
799,,,,79.0,34.19749755859375,,,,,79.0,32.719844818115234,,,,,79.0,35.41692352294922,
800,,6.399999989525896e-07,,,,,,1.0000000116860974e-07,,,,,,9.999999974752427e-07,,,,
804,,,18.504936981201173,80.0,,,,,15.418281555175781,80.0,,,,,20.331451416015625,80.0,,
809,,,,80.0,33.860711669921876,,,,,80.0,32.61146926879883,,,,,80.0,35.25926208496094,
810,,6.399999989525896e-07,,,,,,1.0000000116860974e-07,,,,,,9.999999974752427e-07,,,,
811,,,21.668607711791992,81.0,,,,,20.639318466186523,81.0,,,,,22.895360946655273,81.0,,
818,,,25.73829460144043,81.0,,,,,21.879045486450195,81.0,,,,,27.576019287109375,81.0,,
819,,,,81.0,33.93147583007813,,,,,81.0,33.13519287109375,,,,,81.0,34.69547653198242,
820,,6.399999989525896e-07,,,,,,1.0000000116860974e-07,,,,,,9.999999974752427e-07,,,,
825,,,23.140922164916994,82.0,,,,,19.556503295898438,82.0,,,,,24.989261627197266,82.0,,
829,,,,82.0,32.956259155273436,,,,,82.0,32.11412048339844,,,,,82.0,33.649417877197266,
830,,6.399999989525896e-07,,,,,,1.0000000116860974e-07,,,,,,9.999999974752427e-07,,,,
832,,,41.09882507324219,83.0,,,,,38.755043029785156,83.0,,,,,43.11793518066406,83.0,,
839,,,22.884346771240235,83.0,33.54351806640625,,,,20.860483169555664,83.0,32.843170166015625,,,,24.467016220092773,83.0,34.459800720214844,
840,,6.399999989525896e-07,,,,,,1.0000000116860974e-07,,,,,,9.999999974752427e-07,,,,
846,,,35.16604461669922,84.0,,,,,33.95637130737305,84.0,,,,,36.29459762573242,84.0,,
849,,,,84.0,33.98631744384765,,,,,84.0,33.03683853149414,,,,,84.0,35.173221588134766,
850,,4.5999999969126294e-07,,,,,,1.0000000116860974e-07,,,,,,9.999999974752427e-07,,,,
853,,,20.43831024169922,85.0,,,,,18.32461929321289,85.0,,,,,22.197254180908203,85.0,,
859,,,,85.0,33.63059539794922,,,,,85.0,32.595333099365234,,,,,85.0,34.58891296386719,
860,,4.5999999969126294e-07,43.84162979125976,86.0,,,,1.0000000116860974e-07,43.09552001953125,86.0,,,,9.999999974752427e-07,44.37945556640625,86.0,,
867,,,27.890692901611327,86.0,,,,,24.92283058166504,86.0,,,,,30.08720588684082,86.0,,
869,,,,86.0,33.37744140625,,,,,86.0,32.325923919677734,,,,,86.0,34.643394470214844,
870,,4.5999999969126294e-07,,,,,,1.0000000116860974e-07,,,,,,9.999999974752427e-07,,,,
874,,,24.314416885375977,87.0,,,,,22.065597534179688,87.0,,,,,26.773468017578125,87.0,,
879,,,,87.0,32.43843154907226,,,,,87.0,31.580963134765625,,,,,87.0,33.88510513305664,
880,,1.0000000116860974e-07,,,,,,1.0000000116860974e-07,,,,,,1.0000000116860974e-07,,,,
881,,,12.151589393615723,88.0,,,,,10.242002487182617,88.0,,,,,13.529960632324219,88.0,,
888,,,24.538591384887695,88.0,,,,,22.885025024414062,88.0,,,,,25.266862869262695,88.0,,
889,,,,88.0,33.77027206420898,,,,,88.0,32.61531448364258,,,,,88.0,34.37771224975586,
890,,8.200000092273286e-08,,,,,,9.99999993922529e-09,,,,,,1.0000000116860974e-07,,,,
895,,,23.14427032470703,89.0,,,,,19.57891845703125,89.0,,,,,26.077486038208008,89.0,,
899,,,,89.0,34.583492279052734,,,,,89.0,33.68021774291992,,,,,89.0,35.55680465698242,
900,,6.400000067685596e-08,,,,,,9.99999993922529e-09,,,,,,1.0000000116860974e-07,,,,
902,,,30.76738624572754,90.0,,,,,28.307676315307617,90.0,,,,,33.2235107421875,90.0,,
909,,,28.777292251586914,90.0,33.9738037109375,,,,27.11406135559082,90.0,32.82177734375,,,,30.41649627685547,90.0,34.82732009887695,
910,,6.400000067685596e-08,,,,,,9.99999993922529e-09,,,,,,1.0000000116860974e-07,,,,
916,,,26.63013038635254,91.0,,,,,25.389009475708008,91.0,,,,,28.34541893005371,91.0,,
919,,,,91.0,32.83705825805664,,,,,91.0,32.28799057006836,,,,,91.0,33.77716064453125,
920,,6.400000067685596e-08,,,,,,9.99999993922529e-09,,,,,,1.0000000116860974e-07,,,,
923,,,43.94736557006836,92.0,,,,,41.48684310913086,92.0,,,,,45.49456787109375,92.0,,
929,,,,92.0,33.080464935302736,,,,,92.0,32.72084426879883,,,,,92.0,33.74159240722656,
930,,6.400000067685596e-08,34.25848388671875,93.0,,,,9.99999993922529e-09,32.9588623046875,93.0,,,,1.0000000116860974e-07,35.729976654052734,93.0,,
937,,,35.229373931884766,93.0,,,,,32.95956039428711,93.0,,,,,36.23684310913086,93.0,,
939,,,,93.0,32.19169731140137,,,,,93.0,31.672388076782227,,,,,93.0,32.72672653198242,
940,,6.400000067685596e-08,,,,,,9.99999993922529e-09,,,,,,1.0000000116860974e-07,,,,
944,,,30.078728485107423,94.0,,,,,28.27996826171875,94.0,,,,,31.51428985595703,94.0,,
949,,,,94.0,33.207698059082034,,,,,94.0,32.369075775146484,,,,,94.0,33.77054977416992,
950,,6.400000067685596e-08,,,,,,9.99999993922529e-09,,,,,,1.0000000116860974e-07,,,,
951,,,26.0685546875,95.0,,,,,23.298782348632812,95.0,,,,,28.423097610473633,95.0,,
958,,,27.436830139160158,95.0,,,,,26.610492706298828,95.0,,,,,28.83102798461914,95.0,,
959,,,,95.0,34.378771209716795,,,,,95.0,33.53464126586914,,,,,95.0,35.01266860961914,
960,,4.6000000430979074e-08,,,,,,9.99999993922529e-09,,,,,,1.0000000116860974e-07,,,,
965,,,31.89812240600586,96.0,,,,,29.817733764648438,96.0,,,,,33.67940902709961,96.0,,
969,,,,96.0,33.43090133666992,,,,,96.0,32.66246032714844,,,,,96.0,33.965248107910156,
970,,4.6000000430979074e-08,,,,,,9.99999993922529e-09,,,,,,1.0000000116860974e-07,,,,
972,,,43.560159301757814,97.0,,,,,39.16888427734375,97.0,,,,,47.06821823120117,97.0,,
979,,,12.718855094909667,97.0,31.40592155456543,,,,11.95781135559082,97.0,30.798748016357422,,,,13.372379302978516,97.0,32.09947967529297,
980,,4.6000000430979074e-08,,,,,,9.99999993922529e-09,,,,,,1.0000000116860974e-07,,,,
986,,,32.91218910217285,98.0,,,,,31.52562141418457,98.0,,,,,35.373008728027344,98.0,,
989,,,,98.0,32.55480117797852,,,,,98.0,32.01287078857422,,,,,98.0,33.52723693847656,
990,,4.6000000430979074e-08,,,,,,9.99999993922529e-09,,,,,,1.0000000116860974e-07,,,,
993,,,34.408390808105466,99.0,,,,,32.151161193847656,99.0,,,,,35.575538635253906,99.0,,
999,,,,99.0,32.16762351989746,,,,,99.0,31.581851959228516,,,,,99.0,32.769989013671875,
1000,,4.6000000430979074e-08,35.03891143798828,100.0,,,,9.99999993922529e-09,34.378570556640625,100.0,,,,1.0000000116860974e-07,35.76826095581055,100.0,,
1007,,,37.08691635131836,100.0,,,,,34.699058532714844,100.0,,,,,38.989166259765625,100.0,,
1009,,,,100.0,33.46710739135742,,,,,100.0,32.61597442626953,,,,,100.0,34.631591796875,
1010,,4.6000000430979074e-08,,,,,,9.99999993922529e-09,,,,,,1.0000000116860974e-07,,,,
1014,,,23.767191314697264,101.0,,,,,21.141281127929688,101.0,,,,,26.436214447021484,101.0,,
1019,,,,101.0,34.019239807128905,,,,,101.0,33.507694244384766,,,,,101.0,34.88203048706055,
1020,,4.6000000430979074e-08,,,,,,9.99999993922529e-09,,,,,,1.0000000116860974e-07,,,,
1021,,,28.22087287902832,102.0,,,,,26.933597564697266,102.0,,,,,29.3144588470459,102.0,,
1028,,,27.894013977050783,102.0,,,,,27.039287567138672,102.0,,,,,29.050556182861328,102.0,,
1029,,,,102.0,32.98482437133789,,,,,102.0,32.01597595214844,,,,,102.0,33.72489547729492,
1030,,4.6000000430979074e-08,,,,,,9.99999993922529e-09,,,,,,1.0000000116860974e-07,,,,
1035,,,21.56665458679199,103.0,,,,,20.03864097595215,103.0,,,,,23.063457489013672,103.0,,
1039,,,,103.0,32.51247978210449,,,,,103.0,31.71183204650879,,,,,103.0,33.55691146850586,
1040,,4.6000000430979074e-08,,,,,,9.99999993922529e-09,,,,,,1.0000000116860974e-07,,,,
1042,,,33.808998107910156,104.0,,,,,29.69994354248047,104.0,,,,,36.57087707519531,104.0,,
1049,,,19.73216896057129,104.0,35.45233154296875,,,,18.74062156677246,104.0,34.50516891479492,,,,20.896024703979492,104.0,36.26267623901367,
1050,,4.6000000430979074e-08,,,,,,9.99999993922529e-09,,,,,,1.0000000116860974e-07,,,,
1056,,,25.169667434692382,105.0,,,,,22.986610412597656,105.0,,,,,28.51673698425293,105.0,,
1059,,,,105.0,33.84307327270508,,,,,105.0,33.06657791137695,,,,,105.0,34.683509826660156,
1060,,4.6000000430979074e-08,,,,,,9.99999993922529e-09,,,,,,1.0000000116860974e-07,,,,
1063,,,43.7668212890625,106.0,,,,,38.84552001953125,106.0,,,,,47.612945556640625,106.0,,
1069,,,,106.0,32.323390579223634,,,,,106.0,31.704744338989258,,,,,106.0,32.87501907348633,
1070,,4.6000000430979074e-08,16.806856536865233,107.0,,,,9.99999993922529e-09,14.990367889404297,107.0,,,,1.0000000116860974e-07,18.439727783203125,107.0,,
1077,,,18.095901107788087,107.0,,,,,16.945796966552734,107.0,,,,,19.781875610351562,107.0,,
1079,,,,107.0,33.221510314941405,,,,,107.0,32.657108306884766,,,,,107.0,33.553321838378906,
1080,,4.6000000430979074e-08,,,,,,9.99999993922529e-09,,,,,,1.0000000116860974e-07,,,,
1084,,,29.642287063598634,108.0,,,,,26.773948669433594,108.0,,,,,32.27099609375,108.0,,
1089,,,,108.0,34.568763732910156,,,,,108.0,33.70070266723633,,,,,108.0,35.074153900146484,
1090,,9.99999993922529e-09,,,,,,9.99999993922529e-09,,,,,,9.99999993922529e-09,,,,
1091,,,25.109569931030272,109.0,,,,,22.900774002075195,109.0,,,,,27.59908676147461,109.0,,
1098,,,30.216093063354492,109.0,,,,,29.701396942138672,109.0,,,,,31.12248420715332,109.0,,
1099,,,,109.0,33.57474822998047,,,,,109.0,32.50569534301758,,,,,109.0,34.41429138183594,
1100,,9.99999993922529e-09,,,,,,9.99999993922529e-09,,,,,,9.99999993922529e-09,,,,
1105,,,22.932005310058592,110.0,,,,,22.22982406616211,110.0,,,,,23.6625919342041,110.0,,
1109,,,,110.0,31.12234764099121,,,,,110.0,30.48890495300293,,,,,110.0,31.913755416870117,
1110,,9.99999993922529e-09,,,,,,9.99999993922529e-09,,,,,,9.99999993922529e-09,,,,
1112,,,48.89833374023438,111.0,,,,,47.70771026611328,111.0,,,,,50.98151397705078,111.0,,
1119,,,24.70786819458008,111.0,32.12326850891113,,,,22.292612075805664,111.0,31.633943557739258,,,,26.429183959960938,111.0,32.49391174316406,
1120,,9.99999993922529e-09,,,,,,9.99999993922529e-09,,,,,,9.99999993922529e-09,,,,
1126,,,23.105649948120117,112.0,,,,,20.744842529296875,112.0,,,,,26.79561424255371,112.0,,
1129,,,,112.0,34.152287292480466,,,,,112.0,33.33330154418945,,,,,112.0,34.82399368286133,
1130,,9.99999993922529e-09,,,,,,9.99999993922529e-09,,,,,,9.99999993922529e-09,,,,
1133,,,22.706356048583984,113.0,,,,,21.87941551208496,113.0,,,,,24.706090927124023,113.0,,
1139,,,,113.0,34.02556381225586,,,,,113.0,33.04327392578125,,,,,113.0,34.75761032104492,
1140,,9.99999993922529e-09,32.673827743530275,114.0,,,,9.99999993922529e-09,28.465198516845703,114.0,,,,9.99999993922529e-09,35.274898529052734,114.0,,
1147,,,29.415304946899415,114.0,,,,,28.543838500976562,114.0,,,,,31.72767448425293,114.0,,
1149,,,,114.0,32.512965774536134,,,,,114.0,31.711288452148438,,,,,114.0,33.586849212646484,
1150,,9.99999993922529e-09,,,,,,9.99999993922529e-09,,,,,,9.99999993922529e-09,,,,
1154,,,35.651781463623045,115.0,,,,,33.222755432128906,115.0,,,,,38.434932708740234,115.0,,
1159,,,,115.0,31.669587326049804,,,,,115.0,31.22884750366211,,,,,115.0,32.39072799682617,
1160,,9.99999993922529e-09,,,,,,9.99999993922529e-09,,,,,,9.99999993922529e-09,,,,
1161,,,10.838147354125976,116.0,,,,,8.322713851928711,116.0,,,,,13.304817199707031,116.0,,
1168,,,19.993001174926757,116.0,,,,,18.101171493530273,116.0,,,,,21.09819984436035,116.0,,
1169,,,,116.0,33.56002578735352,,,,,116.0,32.97678756713867,,,,,116.0,34.20718002319336,
1170,,9.99999993922529e-09,,,,,,9.99999993922529e-09,,,,,,9.99999993922529e-09,,,,
1175,,,34.76121520996094,117.0,,,,,32.448177337646484,117.0,,,,,35.5828971862793,117.0,,
1179,,,,117.0,32.987327575683594,,,,,117.0,32.28175354003906,,,,,117.0,34.13254165649414,
1180,,9.99999993922529e-09,,,,,,9.99999993922529e-09,,,,,,9.99999993922529e-09,,,,
1182,,,31.391973876953124,118.0,,,,,26.891258239746094,118.0,,,,,34.19562530517578,118.0,,
1189,,,16.273857498168944,118.0,32.43848838806152,,,,15.694822311401367,118.0,31.623666763305664,,,,16.988632202148438,118.0,33.054229736328125,
1190,,9.99999993922529e-09,,,,,,9.99999993922529e-09,,,,,,9.99999993922529e-09,,,,
1196,,,33.43164138793945,119.0,,,,,31.245502471923828,119.0,,,,,36.483482360839844,119.0,,
1199,,,,119.0,31.47835502624512,,,,,119.0,30.842100143432617,,,,,119.0,32.11412048339844,
1200,,9.99999993922529e-09,,,,,,9.99999993922529e-09,,,,,,9.99999993922529e-09,,,,
1203,,,19.754015350341795,120.0,,,,,18.845626831054688,120.0,,,,,20.948530197143555,120.0,,
1209,,,,120.0,32.522478866577146,,,,,120.0,31.72251319885254,,,,,120.0,33.550045013427734,
1210,,9.99999993922529e-09,43.547200775146486,121.0,,,,9.99999993922529e-09,42.02355194091797,121.0,,,,9.99999993922529e-09,44.46036148071289,121.0,,
1217,,,38.30712814331055,121.0,,,,,36.426368713378906,121.0,,,,,39.46767807006836,121.0,,
1219,,,,121.0,32.369865036010744,,,,,121.0,31.92268943786621,,,,,121.0,32.732112884521484,
1220,,9.99999993922529e-09,,,,,,9.99999993922529e-09,,,,,,9.99999993922529e-09,,,,
1224,,,32.93284873962402,122.0,,,,,30.234130859375,122.0,,,,,36.11445617675781,122.0,,
1229,,,,122.0,32.81431350708008,,,,,122.0,32.34183883666992,,,,,122.0,33.311729431152344,
1230,,9.99999993922529e-09,,,,,,9.99999993922529e-09,,,,,,9.99999993922529e-09,,,,
1231,,,19.876114273071288,123.0,,,,,16.83327865600586,123.0,,,,,21.483360290527344,123.0,,
1238,,,20.046805953979494,123.0,,,,,18.47744369506836,123.0,,,,,21.559083938598633,123.0,,
1239,,,,123.0,34.12589111328125,,,,,123.0,33.689659118652344,,,,,123.0,34.71184539794922,
1240,,9.99999993922529e-09,,,,,,9.99999993922529e-09,,,,,,9.99999993922529e-09,,,,
1245,,,26.813029479980468,124.0,,,,,24.710058212280273,124.0,,,,,28.168895721435547,124.0,,
1249,,,,124.0,33.62359848022461,,,,,124.0,33.24043655395508,,,,,124.0,34.22062301635742,
1250,,9.99999993922529e-09,,,,,,9.99999993922529e-09,,,,,,9.99999993922529e-09,,,,
1252,,,34.021298217773435,125.0,,,,,32.147884368896484,125.0,,,,,36.26826095581055,125.0,,
1259,,,17.4521183013916,125.0,32.85771255493164,,,,13.274656295776367,125.0,32.28913116455078,,,,19.309112548828125,125.0,33.60497283935547,
1260,,9.99999993922529e-09,,,,,,9.99999993922529e-09,,,,,,9.99999993922529e-09,,,,
1266,,,21.54448585510254,126.0,,,,,19.888080596923828,126.0,,,,,22.511627197265625,126.0,,
1269,,,,126.0,34.81045303344727,,,,,126.0,33.85205841064453,,,,,126.0,35.60273742675781,
1270,,9.99999993922529e-09,,,,,,9.99999993922529e-09,,,,,,9.99999993922529e-09,,,,
1273,,,42.9848274230957,127.0,,,,,40.39742660522461,127.0,,,,,44.84496307373047,127.0,,
1279,,,,127.0,33.26340866088867,,,,,127.0,32.74781036376953,,,,,127.0,34.02143478393555,
1280,,9.99999993922529e-09,47.83037490844727,128.0,,,,9.99999993922529e-09,45.08598327636719,128.0,,,,9.99999993922529e-09,50.498565673828125,128.0,,
1287,,,29.05937805175781,128.0,,,,,27.85837745666504,128.0,,,,,29.941890716552734,128.0,,
1289,,,,128.0,31.837794876098634,,,,,128.0,31.407981872558594,,,,,128.0,32.99580001831055,
1290,,9.99999993922529e-09,,,,,,9.99999993922529e-09,,,,,,9.99999993922529e-09,,,,
1294,,,32.600405883789065,129.0,,,,,31.037761688232422,129.0,,,,,35.292701721191406,129.0,,
1299,,,,129.0,32.093701171875,,,,,129.0,31.422683715820312,,,,,129.0,33.13358688354492,
1300,,9.99999993922529e-09,,,,,,9.99999993922529e-09,,,,,,9.99999993922529e-09,,,,
1301,,,31.21741638183594,130.0,,,,,29.705984115600586,130.0,,,,,32.431827545166016,130.0,,
1308,,,21.291647338867186,130.0,,,,,19.294618606567383,130.0,,,,,24.074676513671875,130.0,,
1309,,,,130.0,31.369008255004882,,,,,130.0,30.64894676208496,,,,,130.0,32.037322998046875,
1310,,9.99999993922529e-09,,,,,,9.99999993922529e-09,,,,,,9.99999993922529e-09,,,,
1315,,,27.314487075805665,131.0,,,,,25.76805877685547,131.0,,,,,29.44847869873047,131.0,,
1319,,,,131.0,32.98054428100586,,,,,131.0,32.21559524536133,,,,,131.0,34.19032669067383,
1320,,9.99999993922529e-09,,,,,,9.99999993922529e-09,,,,,,9.99999993922529e-09,,,,
1322,,,31.227875900268554,132.0,,,,,30.369613647460938,132.0,,,,,33.957244873046875,132.0,,
1329,,,22.162599945068358,132.0,33.3082389831543,,,,19.322397232055664,132.0,32.63697814941406,,,,24.007532119750977,132.0,33.62165451049805,
1330,,9.99999993922529e-09,,,,,,9.99999993922529e-09,,,,,,9.99999993922529e-09,,,,
1336,,,38.71842575073242,133.0,,,,,37.07855224609375,133.0,,,,,40.68436050415039,133.0,,
1339,,,,133.0,32.8941162109375,,,,,133.0,32.3303337097168,,,,,133.0,33.25114440917969,
1340,,9.99999993922529e-09,,,,,,9.99999993922529e-09,,,,,,9.99999993922529e-09,,,,
1343,,,20.457219696044923,134.0,,,,,19.088607788085938,134.0,,,,,21.727548599243164,134.0,,
1349,,,,134.0,33.78001403808594,,,,,134.0,32.67379379272461,,,,,134.0,34.55039596557617,
1350,,9.99999993922529e-09,31.929528427124023,135.0,,,,9.99999993922529e-09,29.798879623413086,135.0,,,,9.99999993922529e-09,33.917781829833984,135.0,,
1357,,,36.494544982910156,135.0,,,,,34.789459228515625,135.0,,,,,38.6389274597168,135.0,,
1359,,,,135.0,34.96671142578125,,,,,135.0,34.25944900512695,,,,,135.0,35.32536697387695,
1360,,9.99999993922529e-09,,,,,,9.99999993922529e-09,,,,,,9.99999993922529e-09,,,,
1364,,,27.307751083374022,136.0,,,,,26.037677764892578,136.0,,,,,28.791637420654297,136.0,,
1369,,,,136.0,34.395965576171875,,,,,136.0,33.384559631347656,,,,,136.0,34.965606689453125,
1370,,9.99999993922529e-09,,,,,,9.99999993922529e-09,,,,,,9.99999993922529e-09,,,,
1371,,,32.452127075195314,137.0,,,,,30.365211486816406,137.0,,,,,35.35803985595703,137.0,,
1378,,,38.61007461547852,137.0,,,,,37.38739776611328,137.0,,,,,39.77406311035156,137.0,,
1379,,,,137.0,33.75963821411133,,,,,137.0,33.45718765258789,,,,,137.0,34.416259765625,
1380,,9.99999993922529e-09,,,,,,9.99999993922529e-09,,,,,,9.99999993922529e-09,,,,
1385,,,28.41505661010742,138.0,,,,,26.691513061523438,138.0,,,,,30.34084701538086,138.0,,
1389,,,,138.0,33.71894912719726,,,,,138.0,33.14672088623047,,,,,138.0,34.307952880859375,
1390,,9.99999993922529e-09,,,,,,9.99999993922529e-09,,,,,,9.99999993922529e-09,,,,
1392,,,44.55351333618164,139.0,,,,,43.37284469604492,139.0,,,,,46.38922882080078,139.0,,
1399,,,28.062322998046874,139.0,33.063276290893555,,,,26.7664852142334,139.0,31.97251319885254,,,,29.713668823242188,139.0,34.04901885986328,
1400,,9.99999993922529e-09,,,,,,9.99999993922529e-09,,,,,,9.99999993922529e-09,,,,
1406,,,35.31239051818848,140.0,,,,,31.9636287689209,140.0,,,,,37.91553497314453,140.0,,
1409,,,,140.0,32.626363372802736,,,,,140.0,32.12538146972656,,,,,140.0,33.08249282836914,
1410,,9.99999993922529e-09,,,,,,9.99999993922529e-09,,,,,,9.99999993922529e-09,,,,
1413,,,28.43366050720215,141.0,,,,,26.165630340576172,141.0,,,,,29.74155616760254,141.0,,
1419,,,,141.0,33.57400283813477,,,,,141.0,33.18927001953125,,,,,141.0,34.37868118286133,
1420,,9.99999993922529e-09,21.48084373474121,142.0,,,,9.99999993922529e-09,19.96388816833496,142.0,,,,9.99999993922529e-09,22.088825225830078,142.0,,
1427,,,25.192386627197266,142.0,,,,,23.175752639770508,142.0,,,,,26.888931274414062,142.0,,
1429,,,,142.0,31.018627548217772,,,,,142.0,30.684045791625977,,,,,142.0,31.686302185058594,
1430,,9.99999993922529e-09,,,,,,9.99999993922529e-09,,,,,,9.99999993922529e-09,,,,
1434,,,39.63225173950195,143.0,,,,,35.82672119140625,143.0,,,,,41.109619140625,143.0,,
1439,,,,143.0,33.03387451171875,,,,,143.0,32.434322357177734,,,,,143.0,33.61902618408203,
1440,,9.99999993922529e-09,,,,,,9.99999993922529e-09,,,,,,9.99999993922529e-09,,,,
1441,,,31.985604095458985,144.0,,,,,30.688232421875,144.0,,,,,33.17265319824219,144.0,,
1448,,,28.088248443603515,144.0,,,,,22.71049690246582,144.0,,,,,32.55384063720703,144.0,,
1449,,,,144.0,34.474219512939456,,,,,144.0,33.34990692138672,,,,,144.0,35.29988098144531,
1450,,9.99999993922529e-09,,,,,,9.99999993922529e-09,,,,,,9.99999993922529e-09,,,,
1455,,,21.2744197845459,145.0,,,,,19.607038497924805,145.0,,,,,22.087779998779297,145.0,,
1459,,,,145.0,34.298387908935545,,,,,145.0,33.54030227661133,,,,,145.0,34.909122467041016,
1460,,9.99999993922529e-09,,,,,,9.99999993922529e-09,,,,,,9.99999993922529e-09,,,,
1462,,,49.56958084106445,146.0,,,,,48.245025634765625,146.0,,,,,50.83464431762695,146.0,,
1469,,,18.059627723693847,146.0,34.974640655517575,,,,15.673678398132324,146.0,34.3622932434082,,,,19.398977279663086,146.0,35.550071716308594,
1470,,9.99999993922529e-09,,,,,,9.99999993922529e-09,,,,,,9.99999993922529e-09,,,,
1476,,,30.314318466186524,147.0,,,,,29.13317108154297,147.0,,,,,31.607995986938477,147.0,,
1479,,,,147.0,35.149514770507814,,,,,147.0,34.20356369018555,,,,,147.0,36.31486892700195,
1480,,9.99999993922529e-09,,,,,,9.99999993922529e-09,,,,,,9.99999993922529e-09,,,,
1483,,,17.782303237915038,148.0,,,,,16.184053421020508,148.0,,,,,19.433082580566406,148.0,,
1489,,,,148.0,34.78966445922852,,,,,148.0,34.06694412231445,,,,,148.0,35.58003234863281,
1490,,9.99999993922529e-09,35.09559783935547,149.0,,,,9.99999993922529e-09,33.83261489868164,149.0,,,,9.99999993922529e-09,36.04478073120117,149.0,,
1497,,,28.376023483276366,149.0,,,,,27.170799255371094,149.0,,,,,29.469379425048828,149.0,,
1499,,,,149.0,32.989079284667966,,,,,149.0,32.082096099853516,,,,,149.0,34.105499267578125,
1500,,9.99999993922529e-09,,,,,,9.99999993922529e-09,,,,,,9.99999993922529e-09,,,,
1504,,,16.959484481811522,150.0,,,,,14.263612747192383,150.0,,,,,20.711376190185547,150.0,,
1509,,,,150.0,34.44766845703125,,,,,150.0,33.88959884643555,,,,,150.0,35.19620895385742,
1510,,9.99999993922529e-09,,,,,,9.99999993922529e-09,,,,,,9.99999993922529e-09,,,,
1511,,,29.098129653930663,151.0,,,,,26.614990234375,151.0,,,,,32.205413818359375,151.0,,
1518,,,32.17113838195801,151.0,,,,,30.301481246948242,151.0,,,,,33.401611328125,151.0,,
1519,,,,151.0,33.93405609130859,,,,,151.0,33.125667572021484,,,,,151.0,34.65607452392578,
1520,,9.99999993922529e-09,,,,,,9.99999993922529e-09,,,,,,9.99999993922529e-09,,,,
1525,,,32.75432434082031,152.0,,,,,30.07635498046875,152.0,,,,,34.47057342529297,152.0,,
1529,,,,152.0,33.908729553222656,,,,,152.0,32.979183197021484,,,,,152.0,34.45850372314453,
1530,,9.99999993922529e-09,,,,,,9.99999993922529e-09,,,,,,9.99999993922529e-09,,,,
1532,,,46.28178176879883,153.0,,,,,45.354408264160156,153.0,,,,,47.31021499633789,153.0,,
1539,,,18.685043334960938,153.0,34.80866928100586,,,,17.41583251953125,153.0,33.51940155029297,,,,20.030961990356445,153.0,35.77613830566406,
1540,,9.99999993922529e-09,,,,,,9.99999993922529e-09,,,,,,9.99999993922529e-09,,,,
1546,,,26.01911735534668,154.0,,,,,23.19650650024414,154.0,,,,,28.710548400878906,154.0,,
1549,,,,154.0,33.39686279296875,,,,,154.0,32.45881271362305,,,,,154.0,34.078006744384766,
1550,,9.99999993922529e-09,,,,,,9.99999993922529e-09,,,,,,9.99999993922529e-09,,,,
1553,,,24.032603073120118,155.0,,,,,22.360794067382812,155.0,,,,,25.849571228027344,155.0,,
1559,,,,155.0,33.776580047607425,,,,,155.0,32.69757843017578,,,,,155.0,34.8275146484375,
1560,,9.99999993922529e-09,22.009104919433593,156.0,,,,9.99999993922529e-09,20.763248443603516,156.0,,,,9.99999993922529e-09,24.214040756225586,156.0,,
1567,,,27.072488403320314,156.0,,,,,25.364303588867188,156.0,,,,,29.848722457885742,156.0,,
1569,,,,156.0,33.73537139892578,,,,,156.0,32.94944381713867,,,,,156.0,34.601966857910156,
1570,,9.99999993922529e-09,,,,,,9.99999993922529e-09,,,,,,9.99999993922529e-09,,,,
1574,,,27.171816635131837,157.0,,,,,24.481849670410156,157.0,,,,,29.681686401367188,157.0,,
1579,,,,157.0,34.11356201171875,,,,,157.0,33.32115173339844,,,,,157.0,34.71001434326172,
1580,,9.99999993922529e-09,,,,,,9.99999993922529e-09,,,,,,9.99999993922529e-09,,,,
1581,,,14.796559906005859,158.0,,,,,12.985458374023438,158.0,,,,,17.151229858398438,158.0,,
1588,,,29.991043853759766,158.0,,,,,26.913698196411133,158.0,,,,,32.290077209472656,158.0,,
1589,,,,158.0,33.07392959594726,,,,,158.0,32.26853942871094,,,,,158.0,33.87039566040039,
1590,,9.99999993922529e-09,,,,,,9.99999993922529e-09,,,,,,9.99999993922529e-09,,,,
1595,,,34.21158905029297,159.0,,,,,30.573387145996094,159.0,,,,,37.03546142578125,159.0,,
1599,,,,159.0,32.990379333496094,,,,,159.0,31.875354766845703,,,,,159.0,33.87618637084961,
1600,,9.99999993922529e-09,,,,,,9.99999993922529e-09,,,,,,9.99999993922529e-09,,,,
1602,,,39.39768676757812,160.0,,,,,37.72089385986328,160.0,,,,,40.810211181640625,160.0,,
1609,,,17.79500961303711,160.0,34.34097595214844,,,,16.15597915649414,160.0,33.22793960571289,,,,19.258472442626953,160.0,35.37248992919922,
1610,,9.99999993922529e-09,,,,,,9.99999993922529e-09,,,,,,9.99999993922529e-09,,,,
1616,,,24.07707862854004,161.0,,,,,22.16345977783203,161.0,,,,,27.088308334350586,161.0,,
1619,,,,161.0,33.983279418945315,,,,,161.0,32.96965408325195,,,,,161.0,34.699066162109375,
1620,,9.99999993922529e-09,,,,,,9.99999993922529e-09,,,,,,9.99999993922529e-09,,,,
1623,,,37.875555419921874,162.0,,,,,36.468284606933594,162.0,,,,,39.213279724121094,162.0,,
1629,,,,162.0,35.029154205322264,,,,,162.0,33.60407257080078,,,,,162.0,36.527976989746094,
1630,,9.99999993922529e-09,42.313150787353514,163.0,,,,9.99999993922529e-09,40.35066223144531,163.0,,,,9.99999993922529e-09,44.919776916503906,163.0,,
1637,,,29.648317337036133,163.0,,,,,27.686641693115234,163.0,,,,,33.27351760864258,163.0,,
1639,,,,163.0,33.36467971801758,,,,,163.0,32.698246002197266,,,,,163.0,34.647823333740234,
1640,,9.99999993922529e-09,,,,,,9.99999993922529e-09,,,,,,9.99999993922529e-09,,,,
1644,,,36.50937118530273,164.0,,,,,35.327362060546875,164.0,,,,,37.398658752441406,164.0,,
1649,,,,164.0,33.35008087158203,,,,,164.0,32.48448944091797,,,,,164.0,34.047889709472656,
1650,,9.99999993922529e-09,,,,,,9.99999993922529e-09,,,,,,9.99999993922529e-09,,,,
1651,,,19.197101974487303,165.0,,,,,16.243694305419922,165.0,,,,,20.54039764404297,165.0,,
1658,,,26.352021408081054,165.0,,,,,25.653121948242188,165.0,,,,,26.8751220703125,165.0,,
1659,,,,165.0,32.6826675415039,,,,,165.0,31.78237533569336,,,,,165.0,33.483680725097656,
1660,,9.99999993922529e-09,,,,,,9.99999993922529e-09,,,,,,9.99999993922529e-09,,,,
1665,,,21.11357536315918,166.0,,,,,20.545001983642578,166.0,,,,,21.596757888793945,166.0,,
1669,,,,166.0,33.341349029541014,,,,,166.0,32.43772888183594,,,,,166.0,33.82828140258789,
1670,,9.99999993922529e-09,,,,,,9.99999993922529e-09,,,,,,9.99999993922529e-09,,,,
1672,,,31.988855361938477,167.0,,,,,29.11341667175293,167.0,,,,,34.35392761230469,167.0,,
1679,,,16.224101638793947,167.0,34.815573120117186,,,,13.905867576599121,167.0,34.024574279785156,,,,18.62396240234375,167.0,35.45571517944336,
1680,,9.99999993922529e-09,,,,,,9.99999993922529e-09,,,,,,9.99999993922529e-09,,,,
1686,,,31.19001235961914,168.0,,,,,29.25714874267578,168.0,,,,,32.696128845214844,168.0,,
1689,,,,168.0,33.95650863647461,,,,,168.0,32.954917907714844,,,,,168.0,34.87925720214844,
1690,,9.99999993922529e-09,,,,,,9.99999993922529e-09,,,,,,9.99999993922529e-09,,,,
1693,,,29.98350601196289,169.0,,,,,26.428394317626953,169.0,,,,,31.397857666015625,169.0,,
1699,,,,169.0,33.11611557006836,,,,,169.0,32.42393493652344,,,,,169.0,33.41220474243164,
1700,,9.99999993922529e-09,28.069141006469728,170.0,,,,9.99999993922529e-09,22.855382919311523,170.0,,,,9.99999993922529e-09,30.516841888427734,170.0,,
1707,,,18.597403717041015,170.0,,,,,16.462718963623047,170.0,,,,,20.074159622192383,170.0,,
1709,,,,170.0,32.35768356323242,,,,,170.0,31.747570037841797,,,,,170.0,32.77970886230469,
1710,,9.99999993922529e-09,,,,,,9.99999993922529e-09,,,,,,9.99999993922529e-09,,,,
1714,,,31.522473907470705,171.0,,,,,27.564632415771484,171.0,,,,,39.52398681640625,171.0,,
1719,,,,171.0,33.8509880065918,,,,,171.0,33.27391052246094,,,,,171.0,34.36379623413086,
1720,,9.99999993922529e-09,,,,,,9.99999993922529e-09,,,,,,9.99999993922529e-09,,,,
1721,,,17.337605285644532,172.0,,,,,16.267942428588867,172.0,,,,,19.381999969482422,172.0,,
1728,,,17.48876838684082,172.0,,,,,16.02899932861328,172.0,,,,,18.768733978271484,172.0,,
1729,,,,172.0,33.25343780517578,,,,,172.0,32.54245376586914,,,,,172.0,33.85730743408203,
1730,,9.99999993922529e-09,,,,,,9.99999993922529e-09,,,,,,9.99999993922529e-09,,,,
1735,,,23.94575080871582,173.0,,,,,21.62371826171875,173.0,,,,,27.99613380432129,173.0,,
1739,,,,173.0,33.36852874755859,,,,,173.0,32.53594970703125,,,,,173.0,34.548946380615234,
1740,,9.99999993922529e-09,,,,,,9.99999993922529e-09,,,,,,9.99999993922529e-09,,,,
1742,,,49.78098068237305,174.0,,,,,46.738136291503906,174.0,,,,,51.00888442993164,174.0,,
1749,,,17.51819725036621,174.0,32.77350616455078,,,,16.69725799560547,174.0,32.14496994018555,,,,18.155309677124023,174.0,33.78107452392578,
1750,,9.99999993922529e-09,,,,,,9.99999993922529e-09,,,,,,9.99999993922529e-09,,,,
1756,,,44.208937072753905,175.0,,,,,41.7906494140625,175.0,,,,,46.3122444152832,175.0,,
1759,,,,175.0,33.15492401123047,,,,,175.0,32.32847595214844,,,,,175.0,34.08835220336914,
1760,,9.99999993922529e-09,,,,,,9.99999993922529e-09,,,,,,9.99999993922529e-09,,,,
1763,,,18.320166015625,176.0,,,,,16.920278549194336,176.0,,,,,20.46116065979004,176.0,,
1769,,,,176.0,32.74013404846191,,,,,176.0,31.883508682250977,,,,,176.0,33.64101791381836,
1770,,9.99999993922529e-09,52.64132080078125,177.0,,,,9.99999993922529e-09,50.2315673828125,177.0,,,,9.99999993922529e-09,55.74156951904297,177.0,,
1777,,,32.95425567626953,177.0,,,,,30.595840454101562,177.0,,,,,35.08625030517578,177.0,,
1779,,,,177.0,34.70224533081055,,,,,177.0,33.7568359375,,,,,177.0,36.132991790771484,
1780,,9.99999993922529e-09,,,,,,9.99999993922529e-09,,,,,,9.99999993922529e-09,,,,
1784,,,21.81276092529297,178.0,,,,,18.832826614379883,178.0,,,,,23.519840240478516,178.0,,
1789,,,,178.0,33.81938247680664,,,,,178.0,32.79344177246094,,,,,178.0,34.531211853027344,
1790,,9.99999993922529e-09,,,,,,9.99999993922529e-09,,,,,,9.99999993922529e-09,,,,
1791,,,32.334590148925784,179.0,,,,,30.83001708984375,179.0,,,,,35.45063018798828,179.0,,
1798,,,22.563605499267577,179.0,,,,,21.876903533935547,179.0,,,,,23.640058517456055,179.0,,
1799,,,,179.0,32.85302581787109,,,,,179.0,32.30684280395508,,,,,179.0,33.552860260009766,
1800,,9.99999993922529e-09,,,,,,9.99999993922529e-09,,,,,,9.99999993922529e-09,,,,
1805,,,28.192497634887694,180.0,,,,,26.302581787109375,180.0,,,,,30.154882431030273,180.0,,
1809,,,,180.0,33.28187103271485,,,,,180.0,32.33012008666992,,,,,180.0,34.1157341003418,
1810,,9.99999993922529e-09,,,,,,9.99999993922529e-09,,,,,,9.99999993922529e-09,,,,
1812,,,37.027130889892575,181.0,,,,,35.7509651184082,181.0,,,,,38.89836883544922,181.0,,
1819,,,17.35550594329834,181.0,31.98438949584961,,,,14.376526832580566,181.0,31.31071662902832,,,,19.219751358032227,181.0,34.02858352661133,
1820,,9.99999993922529e-09,,,,,,9.99999993922529e-09,,,,,,9.99999993922529e-09,,,,
1826,,,26.447882843017577,182.0,,,,,25.835535049438477,182.0,,,,,27.124771118164062,182.0,,
1829,,,,182.0,32.49687232971191,,,,,182.0,31.977441787719727,,,,,182.0,32.90485382080078,
1830,,9.99999993922529e-09,,,,,,9.99999993922529e-09,,,,,,9.99999993922529e-09,,,,
1833,,,27.300676345825195,183.0,,,,,25.87649917602539,183.0,,,,,29.158485412597656,183.0,,
1839,,,,183.0,33.38859405517578,,,,,183.0,32.507774353027344,,,,,183.0,34.554351806640625,
1840,,9.99999993922529e-09,49.43894882202149,184.0,,,,9.99999993922529e-09,44.17203903198242,184.0,,,,9.99999993922529e-09,51.45426559448242,184.0,,
1847,,,29.620368576049806,184.0,,,,,28.209827423095703,184.0,,,,,31.37325096130371,184.0,,
1849,,,,184.0,35.30507583618164,,,,,184.0,34.24489974975586,,,,,184.0,36.676815032958984,
1850,,9.99999993922529e-09,,,,,,9.99999993922529e-09,,,,,,9.99999993922529e-09,,,,
1854,,,23.202433395385743,185.0,,,,,21.32063865661621,185.0,,,,,25.157766342163086,185.0,,
1859,,,,185.0,33.976478576660156,,,,,185.0,33.282691955566406,,,,,185.0,34.54457092285156,
1860,,9.99999993922529e-09,,,,,,9.99999993922529e-09,,,,,,9.99999993922529e-09,,,,
1861,,,25.74366683959961,186.0,,,,,22.81791114807129,186.0,,,,,28.341716766357422,186.0,,
1868,,,35.3854263305664,186.0,,,,,32.698944091796875,186.0,,,,,37.401451110839844,186.0,,
1869,,,,186.0,34.144284057617185,,,,,186.0,33.54651641845703,,,,,186.0,34.78413772583008,
1870,,9.99999993922529e-09,,,,,,9.99999993922529e-09,,,,,,9.99999993922529e-09,,,,
1875,,,28.511009979248048,187.0,,,,,26.079383850097656,187.0,,,,,29.7616024017334,187.0,,
1879,,,,187.0,33.5325210571289,,,,,187.0,32.55158615112305,,,,,187.0,34.21759796142578,
1880,,9.99999993922529e-09,,,,,,9.99999993922529e-09,,,,,,9.99999993922529e-09,,,,
1882,,,55.65131454467773,188.0,,,,,52.96710968017578,188.0,,,,,58.0754508972168,188.0,,
1889,,,14.31192569732666,188.0,33.44708404541016,,,,12.79693603515625,188.0,32.71714401245117,,,,15.307605743408203,188.0,35.55434036254883,
1890,,9.99999993922529e-09,,,,,,9.99999993922529e-09,,,,,,9.99999993922529e-09,,,,
1896,,,32.00471496582031,189.0,,,,,30.30255699157715,189.0,,,,,33.25996017456055,189.0,,
1899,,,,189.0,32.673797607421875,,,,,189.0,32.14890670776367,,,,,189.0,33.512481689453125,
1900,,9.99999993922529e-09,,,,,,9.99999993922529e-09,,,,,,9.99999993922529e-09,,,,
1903,,,37.2288215637207,190.0,,,,,34.47446060180664,190.0,,,,,39.1203498840332,190.0,,
1909,,,,190.0,33.07578048706055,,,,,190.0,32.06317901611328,,,,,190.0,33.725074768066406,
1910,,9.99999993922529e-09,34.9547233581543,191.0,,,,9.99999993922529e-09,33.326419830322266,191.0,,,,9.99999993922529e-09,36.70439147949219,191.0,,
1917,,,24.172957611083984,191.0,,,,,22.252700805664062,191.0,,,,,26.47494125366211,191.0,,
1919,,,,191.0,32.93809585571289,,,,,191.0,32.19905471801758,,,,,191.0,33.68463134765625,
1920,,9.99999993922529e-09,,,,,,9.99999993922529e-09,,,,,,9.99999993922529e-09,,,,
1924,,,21.22557601928711,192.0,,,,,19.76271629333496,192.0,,,,,23.179645538330078,192.0,,
1929,,,,192.0,32.280049896240236,,,,,192.0,31.473955154418945,,,,,192.0,33.206905364990234,
1930,,9.99999993922529e-09,,,,,,9.99999993922529e-09,,,,,,9.99999993922529e-09,,,,
1931,,,20.02812080383301,193.0,,,,,18.743362426757812,193.0,,,,,21.901885986328125,193.0,,
1938,,,25.21762886047363,193.0,,,,,23.76839828491211,193.0,,,,,27.541522979736328,193.0,,
1939,,,,193.0,32.4767520904541,,,,,193.0,31.95600700378418,,,,,193.0,33.12305450439453,
1940,,9.99999993922529e-09,,,,,,9.99999993922529e-09,,,,,,9.99999993922529e-09,,,,
1945,,,25.52605209350586,194.0,,,,,24.97829818725586,194.0,,,,,26.01755714416504,194.0,,
1949,,,,194.0,31.864055633544922,,,,,194.0,31.475345611572266,,,,,194.0,32.51288986206055,
1950,,9.99999993922529e-09,,,,,,9.99999993922529e-09,,,,,,9.99999993922529e-09,,,,
1952,,,45.294088745117186,195.0,,,,,43.30840301513672,195.0,,,,,47.83684539794922,195.0,,
1959,,,23.93507652282715,195.0,32.89741401672363,,,,20.2164249420166,195.0,31.972776412963867,,,,26.281034469604492,195.0,33.54365158081055,
1960,,9.99999993922529e-09,,,,,,9.99999993922529e-09,,,,,,9.99999993922529e-09,,,,
1966,,,33.64949340820313,196.0,,,,,30.885623931884766,196.0,,,,,40.12873077392578,196.0,,
1969,,,,196.0,32.96425094604492,,,,,196.0,32.24864196777344,,,,,196.0,34.02756118774414,
1970,,9.99999993922529e-09,,,,,,9.99999993922529e-09,,,,,,9.99999993922529e-09,,,,
1973,,,54.90483856201172,197.0,,,,,54.15213394165039,197.0,,,,,56.691810607910156,197.0,,
1979,,,,197.0,32.613534927368164,,,,,197.0,31.72529411315918,,,,,197.0,33.590003967285156,
1980,,9.99999993922529e-09,28.720722961425782,198.0,,,,9.99999993922529e-09,26.60455322265625,198.0,,,,9.99999993922529e-09,30.187746047973633,198.0,,
1987,,,36.15320739746094,198.0,,,,,35.295188903808594,198.0,,,,,36.677833557128906,198.0,,
1989,,,,198.0,34.10858001708984,,,,,198.0,33.24974060058594,,,,,198.0,34.8826904296875,
1990,,9.99999993922529e-09,,,,,,9.99999993922529e-09,,,,,,9.99999993922529e-09,,,,
1994,,,31.099182510375975,199.0,,,,,29.880170822143555,199.0,,,,,33.24631881713867,199.0,,
1999,,,,199.0,33.14698104858398,,,,,199.0,32.332435607910156,,,,,199.0,34.29762268066406,
2000,,,,200.0,,5.828794384002686,,,,200.0,,5.50819206237793,,,,200.0,,6.06632137298584
